{"MAE": 217474.97835531418, "MSE": 136970677675.6059, "RMSE": 370095.498048282, "R2 Score": -0.04799309416766073}